{"val_loss":1.8895258530974388,"test_accuracy":42.65,"val_accuracy":39.65,"_wandb":{"runtime":178},"train_loss":1.362345209121704,"_runtime":178.252837112,"epoch":15,"_timestamp":1.745000470106974e+09,"test_loss":1.8653017096221447,"_step":15}