{"_step":25,"val_loss":1.0350111611187458,"epoch":6,"train_accuracy":78.13476684585574,"_timestamp":1.745004642041652e+09,"val_accuracy":83.2,"train_loss":1.1356021671295167,"_wandb":{"runtime":1129},"_runtime":1115.71107213}