{"val_accuracy":18.2,"_timestamp":1.7450055387532573e+09,"_runtime":190.594824215,"_step":3,"_wandb":{"runtime":228},"epoch":4,"train_loss":2.249010964045449,"val_loss":2.2324342653155327}