{"test_accuracy":40.45,"epoch":15,"train_loss":1.6709112685824197,"val_accuracy":39.85,"test_loss":1.8334054872393608,"_step":15,"_timestamp":1.7449992854959788e+09,"_wandb":{"runtime":509},"_runtime":509.529492774,"val_loss":1.8449009358882904}