{"val_accuracy":39.7,"test_accuracy":39.9,"_runtime":167.325415545,"train_loss":1.5429422035217286,"_step":15,"test_loss":1.870393045246601,"_wandb":{"runtime":167},"val_loss":1.8944922126829624,"_timestamp":1.74500121588261e+09,"epoch":15}