{"_step":4,"epoch":5,"train_loss":0.5387154808120121,"val_loss":0.9440227523446083,"val_accuracy":84,"_timestamp":1.7450002364558806e+09,"_runtime":246.12252991,"_wandb":{"runtime":287}}