{"_timestamp":1.744988332330878e+09,"test_accuracy":38.4,"val_loss":1.86695072427392,"val_accuracy":37.15,"_step":10,"epoch":10,"train_loss":1.6993210277557373,"test_loss":1.8414661176502705,"_runtime":111.098796485,"_wandb":{"runtime":111}}