{"train_loss":1.1017545953629508,"epoch":15,"test_accuracy":35.3,"val_loss":2.1810538545250893,"_step":15,"_wandb":{"runtime":177},"val_accuracy":35.45,"_runtime":177.574570429,"test_loss":2.1390943080186844,"_timestamp":1.745000057160019e+09}