{"val_loss":1.9935535863041878,"_step":15,"val_accuracy":36.55,"_wandb":{"runtime":395},"test_loss":1.979139007627964,"_runtime":395.239697219,"train_loss":1.2209043540651836,"_timestamp":1.7449939476021414e+09,"test_accuracy":37.35,"epoch":15}