{"val_accuracy":27.5,"_timestamp":1.7449801741211288e+09,"_runtime":54.49476353,"_wandb":{"runtime":59},"_step":5,"epoch":6,"train_loss":0.6646442427635193,"val_loss":2.474624566733837}