{"_step":10,"val_loss":2.2889535278081894,"_runtime":134.756701689,"_timestamp":1.7449972986915503e+09,"val_accuracy":25.7,"test_accuracy":28.35,"_wandb":{"runtime":134},"test_loss":2.2290074229240417,"epoch":10,"train_loss":1.442698735743761}