{"_timestamp":1.7450019066053305e+09,"train_loss":0.5983780455589295,"val_accuracy":30.85,"test_accuracy":31.9,"_wandb":{"runtime":174},"epoch":15,"_step":15,"test_loss":2.3141927495598793,"val_loss":2.3061988428235054,"_runtime":174.022646311}