{"test_accuracy":28.4,"epoch":10,"val_accuracy":28.25,"val_loss":2.0604808814823627,"_wandb":{"runtime":107},"test_loss":2.038746803998947,"_runtime":107.245518607,"_step":10,"train_loss":2.0030878982543947,"_timestamp":1.7449998752248125e+09}