{"_wandb":{"runtime":30},"_timestamp":1.7449740166239247e+09,"_runtime":23.716774003,"_step":1,"epoch":2,"train_loss":1.9016767059053694,"val_loss":1.8972693607211113,"val_accuracy":34}