{"test_accuracy":37.5,"test_loss":1.854085922241211,"val_loss":1.8803383558988571,"_timestamp":1.7449739836887116e+09,"val_accuracy":36.25,"epoch":15,"_step":15,"train_loss":1.4171614460647106,"_runtime":229.625970814,"_wandb":{"runtime":229}}