{"test_loss":2.049015760421753,"test_accuracy":27.9,"train_loss":1.9910017516877916,"val_loss":2.0558908209204674,"_wandb":{"runtime":115},"_runtime":115.828086714,"epoch":10,"val_accuracy":27.1,"_timestamp":1.7449982887545636e+09,"_step":10}