{"test_loss":1.9968204237520695,"test_accuracy":33.45,"_step":15,"_timestamp":1.74500207863302e+09,"val_accuracy":32.6,"_runtime":166.148858416,"train_loss":1.9919107208251954,"val_loss":2.0062385350465775,"epoch":15,"_wandb":{"runtime":166}}