{"val_loss":2.2006902247667313,"val_accuracy":18.6,"_timestamp":1.7450061963362534e+09,"_runtime":90.181005553,"_step":1,"epoch":2,"_wandb":{"runtime":97},"train_loss":2.24286674118042}