{"_timestamp":1.7450666656365013e+09,"train_loss":0.8711657021194696,"test_loss":0.8300332427024841,"_wandb":{"runtime":411},"_step":10,"val_accuracy":87.95,"test_accuracy":87.5,"val_loss":0.8197823390364647,"_runtime":411.493500834,"epoch":10}