{"_timestamp":1.7450034569452915e+09,"_runtime":196.925613808,"epoch":15,"test_loss":1.9836891144514084,"test_accuracy":38.3,"val_loss":2.0253588557243347,"_wandb":{"runtime":197},"_step":15,"train_loss":1.0768643915653229,"val_accuracy":36.6}