{"_wandb":{"runtime":63},"_timestamp":1.7450064308343353e+09,"_runtime":46.32761694,"_step":0,"epoch":1,"train_loss":2.314605405807495,"val_loss":2.3072067126631737,"val_accuracy":10.05}