{"_timestamp":1.744994443172819e+09,"_wandb":{"runtime":117},"val_accuracy":34.4,"train_loss":1.7692082344539581,"test_loss":1.9520682245492935,"_runtime":117.91650561,"_step":10,"val_loss":1.9896566048264503,"test_accuracy":34.75,"epoch":10}