{"_runtime":26.061481713,"_step":1,"epoch":2,"train_loss":2.1360440477728844,"_wandb":{"runtime":33},"val_loss":2.166039317846298,"val_accuracy":23.55,"_timestamp":1.7449867497520437e+09}