{"val_accuracy":36.6,"test_loss":1.9223651885986328,"test_accuracy":39.4,"_runtime":201.267915459,"_step":15,"train_loss":1.4939543273713853,"_wandb":{"runtime":201},"epoch":15,"_timestamp":1.744986002154937e+09,"val_loss":1.956852450966835}