{"_runtime":82.483056548,"_step":1,"epoch":2,"train_loss":1.3031603665578932,"val_loss":1.0665125772356987,"_wandb":{"runtime":86},"val_accuracy":84.15,"_timestamp":1.7450634838012733e+09}