{"epoch":1,"train_loss":1.7679025754332542,"val_loss":1.2511182576417923,"val_accuracy":79.2,"_wandb":{"runtime":44},"_timestamp":1.7450066435358036e+09,"_runtime":28.526468609,"_step":0}