{"_wandb":{"runtime":289},"epoch":20,"test_accuracy":30.8,"test_loss":2.3391569703817368,"val_accuracy":29.75,"_runtime":289.106862641,"_step":20,"val_loss":2.333795800805092,"train_loss":0.5995625399407887,"_timestamp":1.7449783957382095e+09}