{"train_loss":1.3401890671442425,"val_loss":2.5510405264794827,"val_accuracy":15.6,"_timestamp":1.7449724625814588e+09,"_runtime":140.969216741,"_step":10,"_wandb":{"runtime":159},"epoch":11}