{"_timestamp":1.7449600654631581e+09,"_wandb":{"runtime":76},"_runtime":65.439042308,"_step":7,"epoch":8,"train_loss":1.7012100410461426,"val_loss":2.165364194661379,"val_accuracy":20.75}