{"_timestamp":1.7450027087839577e+09,"_step":10,"val_accuracy":33.85,"epoch":10,"train_loss":1.6727786972409202,"val_loss":1.9728156626224518,"test_accuracy":35.5,"_wandb":{"runtime":305},"test_loss":1.9248318076133728,"_runtime":304.975320488}