{"_runtime":161.14304096,"val_loss":1.8660180866718292,"test_loss":1.8302303291857243,"val_accuracy":40.35,"_wandb":{"runtime":161},"epoch":15,"test_accuracy":41.6,"_step":15,"train_loss":1.5676949377059937,"_timestamp":1.745002876224597e+09}