{"_runtime":588.457597335,"_step":15,"epoch":15,"test_loss":1.943386435508728,"test_accuracy":38.4,"val_loss":2.0090766474604607,"val_accuracy":35.15,"_timestamp":1.7450040591257308e+09,"_wandb":{"runtime":588},"train_loss":1.1300209183541556}