{"epoch":3,"train_loss":1.9277452840805054,"val_loss":2.0778897404670715,"val_accuracy":28.45,"_timestamp":1.7450013841475008e+09,"_runtime":33.744852591,"_step":2,"_wandb":{"runtime":44}}