{"val_loss":1.9253316670656204,"epoch":15,"_runtime":177.937710518,"_wandb":{"runtime":178},"_timestamp":1.744993546804269e+09,"val_accuracy":35.85,"_step":15,"test_loss":1.8785650804638863,"train_loss":1.5212799102541,"test_accuracy":39.55}