{"test_accuracy":33,"val_loss":2.0722279101610184,"test_loss":2.0734337866306305,"_wandb":{"runtime":121},"val_accuracy":32.65,"_step":10,"train_loss":1.5121766593721178,"epoch":10,"_timestamp":1.7450013449058506e+09,"_runtime":121.660843208}