{"test_accuracy":36.45,"val_accuracy":34.9,"test_loss":1.9175241738557816,"_step":15,"epoch":15,"_timestamp":1.7449812023407524e+09,"val_loss":1.940093893557787,"_runtime":784.984131506,"_wandb":{"runtime":784},"train_loss":1.8122650403976441}