{"val_accuracy":35.6,"_step":15,"test_accuracy":37.4,"_wandb":{"runtime":201},"val_loss":2.2011216580867767,"_timestamp":1.7450002871947508e+09,"epoch":15,"train_loss":0.8177851289510727,"_runtime":201.609167472,"test_loss":2.174282133579254}