{"test_accuracy":33.95,"train_loss":1.9334108457565307,"_wandb":{"runtime":123},"val_accuracy":33.9,"epoch":10,"_timestamp":1.7450010132888513e+09,"_step":10,"test_loss":1.9743725955486298,"_runtime":123.66555239,"val_loss":1.9801341257989407}