{"_wandb":{"runtime":246},"val_accuracy":10.65,"_timestamp":1.7449736631000776e+09,"_runtime":239.834604825,"_step":13,"epoch":14,"train_loss":1.3556579053401947,"val_loss":2.9443378299474716}