{"_wandb":{"runtime":461},"_runtime":461.435154292,"_step":15,"epoch":15,"train_loss":1.4715014052769495,"test_loss":1.9175622090697289,"_timestamp":1.7449997542127922e+09,"val_loss":1.931918352842331,"test_accuracy":40.5,"val_accuracy":39.9}