{"val_loss":1.930824875831604,"_step":10,"epoch":10,"test_loss":1.8997006304562092,"test_accuracy":38.65,"train_loss":1.7502056484222412,"val_accuracy":37.8,"_timestamp":1.7450015221657746e+09,"_runtime":117.459088901,"_wandb":{"runtime":117}}