{"train_loss":1.8385537711400834,"val_loss":2.4526743292808533,"val_accuracy":10.2,"_timestamp":1.7449726990733786e+09,"_runtime":67.061004333,"_step":4,"_wandb":{"runtime":75},"epoch":5}