{"test_loss":2.2647249698638916,"test_accuracy":29.6,"_step":10,"_wandb":{"runtime":127},"val_accuracy":28.25,"_runtime":127.138164716,"val_loss":2.2650505155324936,"epoch":10,"train_loss":0.6387220453470945,"_timestamp":1.7449889068427205e+09}