{"_timestamp":1.7449819710702658e+09,"_wandb":{"runtime":22},"_runtime":16.006724072,"_step":0,"epoch":1,"train_loss":2.204474411904812,"val_loss":2.1206908524036407,"val_accuracy":24.35}