{"_step":0,"_wandb":{"runtime":53},"epoch":1,"train_loss":2.29566135597229,"val_loss":2.262431800365448,"val_accuracy":16.2,"_timestamp":1.7450065127734427e+09,"_runtime":46.786829899}