{"_runtime":487.032651393,"_wandb":{"runtime":487},"val_loss":0.7726276777684689,"val_accuracy":89.2,"test_loss":0.7710850946605206,"test_accuracy":89.45,"train_loss":0.6788509147507804,"_step":10,"epoch":10,"_timestamp":1.7450022798739092e+09}