{"val_accuracy":28.9,"_timestamp":1.7449864388807034e+09,"_runtime":78.143720561,"_step":5,"epoch":6,"_wandb":{"runtime":90},"train_loss":1.1486643925309181,"val_loss":2.1616548895835876}