{"epoch":10,"val_accuracy":37.8,"test_loss":1.8815481290221214,"test_accuracy":41.35,"val_loss":1.9323566481471062,"_timestamp":1.7450007537088113e+09,"train_loss":1.6386701228126648,"_runtime":123.607588093,"_step":10,"_wandb":{"runtime":123}}