{"_step":10,"_runtime":338.401295593,"val_loss":2.037952236831188,"test_accuracy":30.7,"test_loss":2.0221220329403877,"val_accuracy":28.95,"_timestamp":1.7449976452502587e+09,"train_loss":1.9442821495116702,"epoch":10,"_wandb":{"runtime":338}}