{"test_accuracy":24.65,"val_loss":2.282719761133194,"_step":15,"val_accuracy":25.2,"_runtime":162.456698027,"train_loss":0.6232167835235596,"test_loss":2.3061099350452423,"_timestamp":1.7449981663218575e+09,"epoch":15,"_wandb":{"runtime":162}}