{"_step":6,"epoch":7,"_wandb":{"runtime":413},"train_loss":1.8552349100112915,"val_loss":1.9333831928670406,"val_accuracy":35.25,"_timestamp":1.744987666937005e+09,"_runtime":376.2642747}