{"_timestamp":1.7449794613246608e+09,"train_loss":1.9216833322767228,"_step":15,"epoch":15,"_wandb":{"runtime":158},"val_accuracy":26.6,"val_loss":2.116713635623455,"_runtime":158.451179644,"test_loss":2.1087325513362885,"test_accuracy":26.55}