{"train_loss":1.951101578772068,"val_loss":2.3634593337774277,"val_accuracy":14.15,"_timestamp":1.744963346778448e+09,"_runtime":28.356839595,"_step":1,"_wandb":{"runtime":35},"epoch":2}