{"val_accuracy":27,"_timestamp":1.7449869526708455e+09,"_runtime":15.381865273,"_step":0,"epoch":1,"train_loss":2.1493854969739914,"val_loss":2.0874601751565933,"_wandb":{"runtime":24}}