{"test_accuracy":36.45,"val_loss":2.005525216460228,"test_loss":1.9684310555458069,"_step":15,"val_accuracy":34.35,"_timestamp":1.7450042670356026e+09,"_wandb":{"runtime":199},"_runtime":199.478453675,"epoch":15,"train_loss":1.3217845521867275}