{"_wandb":{"runtime":130},"test_loss":2.037770554423332,"_step":10,"test_accuracy":30.55,"train_loss":1.90583311393857,"val_loss":2.0596458464860916,"val_accuracy":29.25,"epoch":10,"_runtime":130.640141054,"_timestamp":1.7449887729357388e+09}