{"val_accuracy":22.65,"_wandb":{"runtime":137},"_timestamp":1.744959705227448e+09,"_runtime":113.465588635,"_step":2,"epoch":3,"train_loss":1.9231238679885865,"val_loss":2.154611647129059}